TOWN,2015/16,2014/15,2013/14,2012/13,2011/12,2010/11,2009/10,2008/09,2007/08,2006/07,2005/06,2004/05,2003/04,2002/03,2001/02,2000/01,1999/00,1998/99,1997/98,1996/97,1995/96,1994/95,1993/94,1992/93,1991/92,1990/91,1989/90,1988/89,1987/88,1986/87,1985/86,1984/85
 ANDOVER,281,257,261,318,332,335,377,395,401,406,408,444,420,457,474,474,465,432,440,437,451,408,436,465,559,462,489,507,514,507,539,584
 ANSONIA,931,899,969,939,955,986,989,1222,1127,1138,1143,1102,1139,1218,1313,1200,1100,986,782,718,614,697,800,800,799,729,683,728,755,910,1023,920
 ASHFORD,531,539,499,527,570,602,586,607,599,630,593,647,690,689,704,720,741,727,715,686,736,683,680,644,613,580,547,561,511,497,488,429
 AVON,1935,1952,1922,1918,1876,1873,1825,1776,1640,1504,1361,1298,1320,1269,1257,1187,1150,1101,1070,1071,1079,1111,1089,1132,1108,1101,1101,1137,1181,1260,1209,963
 BARKHAMSTED,605,665,640,736,522,547,547,549,547,505,512,488,530,490,508,493,488,497,492,437,443,459,465,535,454,449,404,372,357,392,371,381
 BEACON FALLS,355,364,331,332,372,349,386,380,313,469,435,514,529,460,466,365,345,337,340,324,318,338,320,341,306,277,259,275,291,320,378,342
 BERLIN,1814,1785,1882,1868,1919,2023,1831,1828,1890,2000,2034,2075,2018,1938,1976,1921,1886,1775,1630,1624,1608,1615,1766,1777,1726,1651,1695,1737,1470,1931,2196,1735
 BETHANY,554,517,522,510,568,589,564,601,601,667,663,664,659,690,684,701,665,721,689,679,692,737,730,688,705,736,692,702,779,710,820,498
 BETHEL,1231,1237,1282,1326,1334,1334,1375,1296,1249,1288,1408,1500,1589,1949,1821,1848,1914,1837,1652,1617,1320,1350,1302,1326,1127,1272,1412,1444,1479,1756,2007,1802
 BETHLEHEM,409,591,577,620,652,687,738,768,838,847,859,914,886,838,767,821,852,793,792,757,750,778,757,789,718,631,724,750,730,696,719,782
 BLOOMFIELD,773,742,761,795,790,764,805,847,850,916,984,1019,971,872,873,932,941,995,1048,1161,1084,1209,1245,1268,1342,1306,1424,1431,1556,1566,1740,1482
 BOLTON,558,554,518,537,548,557,579,564,610,572,585,607,612,610,658,643,637,640,664,640,584,632,618,621,658,515,596,559,550,608,676,243
 BOZRAH,204,235,240,234,237,147,268,265,299,253,285,268,283,288,320,313,312,323,269,271,260,247,226,277,251,252,262,259,315,301,259,330
 BRANFORD,1073,1086,1036,1023,1220,1244,1113,1110,809,754,709,714,703,718,729,747,745,710,756,670,710,711,688,800,752,818,884,982,1110,1188,1544,1386
 BRIDGEPORT,805,1000,825,834,823,801,881,1006,1082,903,1421,1534,1616,1430,1830,1942,2031,2230,2215,1215,1695,1791,1876,1911,2178,1917,2388,2722,3128,3390,4421,3680
 BRIDGEWATER,298,332,371,291,327,338,332,355,329,349,368,367,373,372,397,411,405,347,349,357,362,368,364,343,342,326,295,270,280,284,292,242
 BRISTOL,2459,2627,2905,2717,2855,3051,3001,2995,2930,2897,2884,2897,2841,2899,2809,2812,2858,2961,2937,2925,2968,3105,3129,3142,3215,3299,3248,3378,3572,3785,4001,3839
 BROOKFIELD,1269,1329,1224,1212,1266,1277,1310,1358,1300,1290,1261,1272,1253,1223,1345,1325,1256,1350,1345,1387,1380,1395,1410,1479,1388,1313,1068,923,968,1036,966,935
 BROOKLYN,483,470,485,500,498,517,593,476,454,596,622,647,638,622,615,623,617,626,688,687,694,665,664,679,544,489,519,585,655,724,649,608
 BURLINGTON,1334,1357,1346,1322,1336,1371,1409,1384,1398,1375,1325,1271,1300,1291,1269,1224,1275,1257,1224,1199,1185,1188,1202,969,961,828,867,713,786,900,939,916
 CANAAN,127,119,119,119,120,128,127,143,126,112,142,140,144,144,165,156,139,136,120,110,125,126,138,149,148,136,144,125,152,151,127,118
 CANTERBURY,540,531,550,544,536,602,614,572,568,519,535,571,601,584,572,587,592,590,631,684,713,760,801,913,945,778,821,757,768,717,782,679
 CANTON,1259,1268,1260,1230,1206,1227,1178,1194,1145,1013,888,795,749,735,747,727,756,773,762,741,811,885,820,853,849,824,818,843,843,833,898,863
 CHAPLIN,165,150,207,227,216,203,220,164,191,213,239,209,225,208,182,210,219,227,242,240,272,244,257,373,373,304,348,405,388,322,344,267
 CHESHIRE,2297,2217,1841,2072,2043,2318,2475,2493,2549,2699,2143,2911,3218,3099,3077,3003,2988,2973,2903,2848,2841,2739,2714,2720,2781,2863,2808,2856,2888,2937,2976,2882
 CHESTER,433,468,345,496,537,511,544,524,505,487,527,532,554,542,533,556,583,560,552,539,503,527,504,511,488,530,485,514,496,523,616,160
 CLINTON,942,972,986,774,1032,1030,1091,1123,1092,1100,1122,1146,1109,1101,1167,1170,1170,1155,1125,1050,1017,1018,1024,1065,940,849,745,954,954,1078,853,663
 COLCHESTER,1379,1462,1457,1439,1527,1662,1744,1742,1755,1742,1781,1783,1777,1833,1757,1685,1682,1662,1633,1605,1472,1190,1196,1353,1145,1103,1104,1182,1226,1276,1291,1280
 COLEBROOK,315,299,308,314,304,317,302,298,275,243,258,235,240,274,291,295,207,177,213,202,222,215,229,211,220,224,211,264,240,262,273,248
 COLUMBIA,648,676,657,680,654,682,681,701,680,680,698,707,689,666,664,646,650,575,607,618,594,590,609,566,559,567,574,564,721,735,754,760
 CORNWALL,295,298,292,292,316,326,302,323,315,319,309,327,313,366,413,461,502,492,412,395,363,365,337,330,370,340,327,299,314,307,316,297
 COVENTRY,1516,1469,1432,1546,1564,1636,1636,1643,1609,1578,1649,1624,1731,1838,2001,1995,2086,1742,1783,1733,1742,1761,1734,1886,1403,1804,1822,1834,1844,1752,1681,1637
 CROMWELL,1671,1671,1654,1600,1603,1573,1479,1505,1490,1459,1449,1371,1361,1332,1269,1263,1232,1273,1199,1067,1059,1111,1111,1143,1126,1079,1054,1023,970,853,715,561
 DANBURY,2057,1933,1981,1973,1964,1846,1723,1522,1297,1258,1156,1236,1253,1255,1430,1365,1488,1730,1702,1761,1806,1858,1988,2172,2462,1866,1987,2333,2363,2610,2446,2436
 DARIEN,2373,2371,2309,2253,2142,2000,1853,1676,1554,1508,1329,1088,1065,1101,1102,1096,1135,913,1215,1200,1168,1202,1257,1285,1297,1260,1336,1429,1481,1498,1705,1751
 DEEP RIVER,507,528,521,537,511,515,509,504,491,477,480,510,470,484,510,518,518,520,543,522,499,502,465,514,553,541,549,553,550,661,686,531
 DERBY,381,341,372,362,385,380,384,374,433,436,311,490,380,605,640,486,439,267,359,263,275,317,280,268,253,276,258,305,319,357,423,231
 DURHAM,893,892,970,1048,957,1059,1049,984,985,989,1009,1046,979,916,890,860,842,820,783,682,664,667,680,788,727,671,682,681,702,798,789,561
 EAST GRANBY,792,771,771,756,737,727,745,742,728,468,478,683,698,698,698,700,698,699,690,635,609,608,626,594,565,539,478,477,474,513,527,466
 EAST HADDAM,1049,1071,1067,1147,1155,1185,1283,1079,930,923,881,806,848,927,877,912,985,875,895,897,823,1028,1085,1153,1118,979,875,979,896,923,1056,639
 EAST HAMPTON,1394,1426,1388,1498,1450,1316,1350,1330,1440,1438,1499,1382,1420,1465,1595,1513,1582,1662,1258,1548,1507,1543,1507,1504,1500,1499,1496,1531,1532,1500,1533,1558
 EAST HARTFORD,1900,1890,1817,1920,2019,2049,2170,2269,2609,1659,2488,3105,3019,2120,3169,3196,3266,3393,3450,3436,3519,3585,3649,3922,4042,4052,4126,4195,4264,4433,4524,4376
 EAST HAVEN,1116,1156,1135,1163,1163,1144,1104,1103,1027,1006,992,1001,1055,1033,962,962,999,967,967,952,991,896,927,966,981,985,1056,1206,1325,1400,1638,1402
 EAST LYME,1282,1287,1305,1346,1330,1237,1389,1391,1365,1430,1449,1444,1469,1493,1495,1538,1443,1486,1053,1366,1370,1153,1143,1309,1461,1441,1334,1453,1400,1490,1587,1552
 EAST WINDSOR,947,992,990,1033,1106,1190,1271,1547,1317,1372,1408,465,1445,1355,1304,1334,1401,1417,1345,1305,1125,1156,1134,1130,1112,1083,1106,1160,1249,1261,1350,1208
 EASTFORD,164,176,182,198,185,192,187,186,217,194,190,229,227,199,225,190,181,187,199,189,203,233,236,233,247,220,260,252,228,207,236,198
 EASTON,1323,1254,1223,1269,1103,1230,1283,1318,1291,1199,1243,1094,1125,1097,1025,970,816,777,862,804,684,756,865,891,891,660,797,849,918,990,993,888
 ELLINGTON,2377,2383,2360,2329,2328,2329,2190,2190,2131,2076,1973,1892,1975,1939,1822,1689,1603,1577,1577,1529,1474,1439,1443,1432,1421,1373,1338,1320,1283,1303,1144,1060
 ENFIELD,5088,5288,5372,5625,6068,6042,5927,5325,4967,4412,4504,4536,4578,4614,4718,4731,4772,4866,4909,4701,4636,4591,4662,4654,4524,4429,4443,4399,4662,4485,4306,4101
 ESSEX,653,656,675,686,711,739,816,821,825,857,816,799,807,685,791,459,791,784,775,746,709,633,518,493,474,459,463,534,567,551,603,582
 FAIRFIELD,3235,3341,3280,3609,3582,3676,3827,4028,4235,4061,4410,4474,4545,4677,4619,4639,4753,4828,4953,5024,4958,4764,4849,4757,4671,4537,4281,4676,4767,4795,5358,5331
 FARMINGTON,1706,1714,1765,1769,1797,1810,1735,1746,1755,1752,1900,1685,1620,1536,1538,1521,1486,1463,1478,1451,1489,1429,1478,1441,1408,1323,1315,1391,1465,1496,1529,1368
 FRANKLIN,202,198,201,204,200,203,224,229,244,252,257,289,308,314,298,316,306,309,320,251,253,264,273,295,310,331,358,377,363,396,391,413
 GLASTONBURY,2854,2711,2629,2665,2530,2146,2552,2519,2467,2417,2346,2376,2369,2446,2451,2507,2499,2402,2423,2281,2181,2183,2217,2200,2279,2342,2435,2552,2604,2585,2573,2662
 GOSHEN,406,416,412,410,418,391,399,423,414,404,426,415,419,433,453,432,476,437,421,396,356,400,351,408,408,394,420,326,286,302,290,305
 GRANBY,1088,1110,1117,1189,1188,1249,1275,1376,1287,1327,1311,1338,1386,1672,1709,1699,1593,1393,1206,1103,943,808,816,880,829,899,905,924,893,928,1001,979
 GREENWICH,2025,2671,2712,2659,2661,2724,2641,2893,2962,2951,3000,2757,2753,2525,2627,2396,2356,2423,2504,2374,2355,2472,2615,2780,2836,2909,3096,3352,3508,3744,4295,4504
 GRISWOLD,864,735,707,757,780,751,727,729,717,723,791,839,855,880,900,910,940,916,929,952,943,999,1016,1053,1038,1030,1039,1137,1258,1268,1217,916
 GROTON,2025,2060,2174,2289,2159,2074,2057,1944,1880,1845,1917,2018,1926,2046,572,2122,2176,2234,2291,2338,2403,2510,2693,3071,3194,2573,2563,2713,2993,3145,3642,2990
 GUILFORD,1275,1285,1339,1350,1356,1351,1347,1315,1395,1409,1350,1370,1340,1314,1209,967,990,1015,1025,1109,1049,1083,1162,1335,1302,1392,1193,1531,1472,1481,1481,922
 HADDAM,1061,1095,1085,1063,1035,965,985,1005,1031,1046,1144,1300,1138,1154,1133,1091,1158,1163,1166,1110,1122,1144,1194,1167,1184,1156,1233,1259,1273,1252,1289,1228
 HAMDEN,1854,1876,1876,1861,1890,1906,1792,1828,1853,1806,1771,1791,1791,1746,1732,1745,1700,1645,1462,1253,1108,1242,1271,1338,1310,1220,1299,1472,1566,1844,1842,1373
 HAMPTON,226,221,224,231,210,216,251,255,261,302,258,290,288,293,255,332,295,278,303,297,290,330,303,372,336,342,427,339,333,343,351,373
 HARTFORD,564,501,472,498,514,390,386,386,372,390,375,446,438,305,513,573,602,597,698,729,713,878,876,1039,1108,1063,1149,1261,1581,1684,2581,1543
 HARTLAND,218,221,242,245,242,258,271,219,268,248,263,259,247,252,190,225,224,196,174,197,184,211,215,202,207,201,183,189,214,224,239,279
 HARWINTON,922,873,956,926,944,986,1009,1041,875,944,977,995,1045,1076,1139,1000,1040,1024,1080,1079,1121,1106,1065,882,853,835,726,813,854,896,898,731
 HEBRON,991,949,957,1010,1009,1033,1040,1029,1034,1085,1047,1068,1097,1011,883,1010,1044,874,950,919,906,1037,997,924,959,966,998,1084,1108,1099,1036,903
 KENT,332,357,362,396,363,387,401,418,495,444,402,398,399,401,409,425,403,379,387,370,408,412,431,445,461,387,377,418,416,394,449,429
 KILLINGLY,863,975,949,984,852,1032,1001,1086,968,1019,1054,1077,1069,1080,1088,1110,1206,1162,1222,1282,1262,1258,1338,1365,1379,1293,1278,1380,944,1504,1876,1709
 KILLINGWORTH,1088,1100,1122,1148,1152,1157,1173,1168,1195,1219,1240,1244,1278,1304,1342,1319,1235,1255,1131,1160,1129,938,830,793,742,767,771,838,843,812,982,743
 LEBANON,850,838,872,918,878,931,969,1000,1076,1084,1087,1055,1046,1102,1160,1092,1148,1209,1286,1247,1261,1323,1351,1372,1296,1248,1339,1477,1342,1317,1331,1297
 LEDYARD,1171,1184,1127,1084,994,1079,1066,1194,1387,1317,1318,1295,1127,1063,978,1272,1506,1532,1550,1483,1586,1670,1713,1829,1662,1672,1610,1471,1571,2036,2202,1993
 LISBON,375,362,366,377,373,379,385,358,382,396,401,415,429,453,455,463,424,462,458,444,482,516,575,586,594,574,676,564,634,563,525,489
 LITCHFIELD,842,829,779,786,811,773,762,790,883,872,946,1048,1106,1224,1257,1184,1160,1119,1149,1144,1241,1187,1129,1092,1024,1005,1068,1152,1206,1235,1234,1171
 LYME,254,260,254,273,267,231,250,252,235,240,257,296,297,281,282,299,289,300,298,294,307,297,301,336,561,314,297,320,316,331,333,337
 MADISON,1056,1086,1132,1130,967,994,920,920,979,1091,1202,1455,1273,1277,1263,1292,1309,1329,1303,1250,1223,1332,919,1097,1137,911,1315,1219,1222,1033,789,751
 MANCHESTER,3900,3840,3765,3881,3894,3915,3962,3875,3571,3628,3593,3690,3535,3472,3387,3238,3245,3299,3385,3344,3410,3389,3378,3374,3366,3387,3361,3433,2255,3491,3830,3652
 MANSFIELD,1674,1645,1704,1710,1674,1654,1672,1612,1620,1529,1624,1609,1674,1636,1652,1666,1681,1697,1601,1574,1516,1469,1500,1425,1353,1360,1447,1398,1353,1384,1123,961
 MARLBOROUGH,667,732,749,755,782,784,778,767,799,808,853,837,838,879,921,907,894,904,915,926,946,900,885,864,824,843,841,878,891,881,805,782
 MERIDEN,2304,2367,2464,2515,2436,2629,2704,2743,2869,2869,2967,2928,3113,3168,3140,3076,3100,3062,3362,3297,3355,3396,3802,3797,3883,3626,3738,3761,4016,3835,4166,3658
 MIDDLEBURY,653,612,590,612,715,583,533,495,515,502,487,483,467,424,444,451,446,469,464,484,409,462,470,517,545,549,500,553,581,604,632,637
 MIDDLEFIELD,415,441,464,471,491,493,482,459,466,468,471,457,459,448,403,377,369,324,296,283,318,311,300,356,346,302,303,323,341,366,421,347
 MIDDLETOWN,2403,2670,2301,2558,2371,2457,2467,2375,2335,2192,2008,1891,2010,1935,1998,2044,1956,2084,2114,2035,2272,2417,2458,2503,2470,2307,2295,2259,2258,2216,2412,2133
 MILFORD,2898,2507,2167,2299,2375,2249,2212,2210,2367,2189,2153,2072,970,2381,2247,2331,2380,2401,2401,2188,2300,2134,2157,2399,2411,1951,2132,2222,2331,3179,3517,1364
 MONROE,2291,2119,2233,2157,2370,2389,2499,2579,2635,2661,2623,2617,2577,2697,2690,2530,2456,2282,2212,2181,1988,2509,2142,2148,2203,2086,2026,2073,2082,2055,2420,2453
 MONTVILLE,1360,1414,1505,1532,1499,1544,1721,1923,2006,1942,1887,1861,1827,1848,1909,1869,1870,1763,1530,1483,1525,1559,1637,1705,1616,1749,1660,1854,1966,1885,2096,1654
 MORRIS,242,298,311,304,339,404,423,419,368,380,380,396,390,357,349,369,386,371,368,377,386,365,381,328,306,279,255,244,286,295,286,283
 NAUGATUCK,996,904,1107,1079,1039,1152,1083,1029,993,1214,1287,1099,1145,1252,1276,1317,1337,1347,1398,1449,1547,1542,1506,1551,1584,1626,1305,1470,1316,1567,1778,1120
 NEW BRITAIN,2145,2267,2315,2371,2422,2574,2845,2890,2754,2695,2554,2374,2508,2629,2635,2594,2313,2237,2202,2212,2297,2344,2469,2470,2404,2242,2374,2251,2348,2469,3475,2351
 NEW CANAAN,3067,3008,3034,289,2913,2835,1854,2687,2496,2378,2276,2203,2115,2088,1964,1716,1344,1337,1308,1186,1183,1247,1294,1391,1493,1479,1533,1642,1710,1893,1884,2190
 NEW FAIRFIELD,1115,1128,1124,1142,1161,1142,1034,1065,1048,1054,1152,1214,1186,1158,1188,1260,1305,1333,1361,1352,1307,1364,1373,1416,1365,1311,1255,1286,1366,1348,1348,1283
 NEW HARTFORD,1314,1342,1483,1440,1386,1259,1224,1232,1184,1141,1141,1051,1093,1111,1090,1002,1014,1009,923,867,828,872,791,729,641,581,580,639,638,614,686,497
 NEW HAVEN,759,728,675,669,675,634,623,606,618,576,643,719,716,801,711,818,869,683,1044,697,821,793,790,882,987,862,1112,1217,1269,1446,1971,1209
 NEW LONDON,521,521,501,629,600,602,571,598,693,566,684,721,913,838,702,645,641,611,684,834,783,1000,1000,896,1103,1069,1188,1200,2000,1066,1902,1081
 NEW MILFORD,2404,2441,2342,2348,2306,2279,2302,2245,2179,1499,2423,2503,2556,2509,2569,2829,2803,2832,2757,2661,2807,2697,2799,2769,2707,2442,2226,2088,2020,1963,1896,1375
 NEWINGTON,2063,1939,1938,1910,1975,1993,2037,1997,2008,1982,1937,1884,1815,1850,1850,1885,1872,1875,1983,1932,1889,1835,1875,1857,1824,1787,1917,2073,2256,2849,2839,2802
 NEWTOWN,2265,2276,2085,1995,2035,1894,1940,1755,1638,1798,1913,2151,1857,1748,1947,2196,1995,2127,1210,1964,1929,2068,1986,2215,2192,1826,1756,1691,1802,1963,1992,1826
 NORFOLK,308,306,301,314,318,330,331,335,320,311,358,358,373,379,356,352,352,345,354,347,337,350,377,362,372,404,355,407,414,375,334,360
 NORTH BRANFORD,635,659,715,713,716,687,670,668,637,481,637,639,639,669,692,726,724,701,698,636,588,611,665,652,634,636,653,736,817,869,865,722
 NORTH CANAAN,316,264,281,289,320,305,318,330,336,305,310,265,307,320,320,326,336,339,364,380,364,275,315,315,289,339,254,274,272,328,223,215
 NORTH HAVEN,1133,1174,1128,1149,1100,1048,1055,1041,1034,1110,1151,1202,1217,1262,1261,1280,1376,1416,1365,1273,1227,1166,1068,1083,1095,1035,1040,1120,1362,1551,1605,1256
 NORTH STONINGTON,587,542,477,532,575,599,615,625,625,641,645,691,758,732,726,819,846,606,698,652,692,727,753,688,730,835,919,825,789,897,890,443
 NORWALK,2715,2691,2710,2804,2706,2740,2545,2510,2271,2131,2225,2050,1720,1640,1618,1512,1635,1707,1254,1661,1700,1801,1860,1949,1937,1872,1926,2051,2155,2207,2493,2643
 NORWICH,1518,1521,1692,1821,1928,1957,2062,2071,2092,2098,2198,2254,2165,2129,2279,2409,2593,2587,2678,2690,2597,2691,2811,2808,2740,2713,2786,2941,3108,3012,3013,2696
 OLD LYME,852,853,775,749,744,772,785,839,848,861,929,957,939,942,978,1001,992,1000,893,918,894,908,948,952,875,876,776,829,768,785,791,580
 OLD SAYBROOK,923,974,802,832,890,912,875,863,824,869,929,959,967,1077,1073,993,961,902,701,702,691,711,704,706,716,723,664,800,999,940,1130,876
 ORANGE,730,728,746,763,837,788,801,795,832,787,746,753,728,782,882,871,841,853,786,832,747,930,982,926,959,990,986,965,1122,1137,1064,823
 OXFORD,1009,903,930,929,984,980,1021,985,1044,1152,1157,1170,1082,1082,1127,1177,1235,900,926,906,979,1060,1052,1039,1006,1031,1126,1150,1166,1067,1154,1070
 PLAINFIELD,1236,1341,1381,1343,1361,1400,1413,1367,1252,1199,1078,1050,1218,1274,1260,1269,1246,1246,1220,1234,1312,1432,1434,1371,1367,1276,992,1078,1606,1633,1533,1298
 PLAINVILLE,1952,1870,1939,1925,1872,1834,1810,1781,1706,1680,1740,1729,1738,1691,1700,1675,1732,1700,1654,1621,1566,1568,1642,1606,1630,1615,1576,1580,1665,1748,1809,1538
 PLYMOUTH,1170,1135,1058,994,956,880,847,884,889,892,958,949,977,979,982,797,785,1037,1014,1003,1015,1047,1120,1143,1173,1187,1313,1480,1479,1527,1525,1531
 POMFRET,351,371,369,395,376,362,415,442,447,476,474,489,473,474,461,461,477,490,483,476,475,495,449,515,493,473,496,541,557,529,591,544
 PORTLAND,768,729,694,720,690,717,669,747,748,721,803,830,816,845,861,859,878,912,940,904,934,954,1026,1005,971,943,903,1009,1091,1095,1095,1053
 PRESTON,267,446,292,327,307,465,477,533,512,545,532,340,472,500,485,490,513,370,514,492,482,469,458,461,424,425,417,469,536,594,543,576
 PROSPECT,773,785,775,758,772,776,802,848,763,768,760,648,785,796,847,892,927,938,926,936,960,1015,1018,977,956,983,951,1024,953,955,936,818
 PUTNAM,410,378,393,411,412,400,354,414,360,481,487,507,528,496,510,508,544,523,689,727,738,808,833,813,742,700,725,775,817,810,838,802
 REDDING,1088,1119,1186,1235,1303,1305,1336,1323,1390,1264,1297,1476,1533,1536,1488,1450,1302,1327,1314,1256,1227,1241,1239,1212,1156,1042,941,944,988,1017,1121,1225
 RIDGEFIELD,2400,2487,2479,2528,2591,1754,2589,2600,2505,2468,2489,2489,2559,2556,2607,2621,2621,2538,2464,2414,2334,2357,2261,2401,2448,2339,2399,2437,2241,2481,2606,2925
 ROCKY HILL,1315,1392,1338,1273,1281,1252,1238,1227,1162,1092,1045,1068,1076,984,999,1037,1016,1095,1095,1187,1060,1030,1070,1044,966,994,1009,1017,993,986,1125,1033
 ROXBURY,345,343,327,353,344,356,303,350,350,357,373,355,333,348,338,328,322,333,339,313,347,310,320,328,342,285,250,242,259,287,265,250
 SALEM,413,334,427,413,429,478,485,488,520,488,400,461,485,512,559,575,673,520,675,617,574,500,426,422,363,420,405,529,416,433,411,298
 SALISBURY,400,403,395,403,417,414,441,441,432,465,468,451,471,451,476,519,546,510,518,536,545,521,561,541,496,482,437,424,426,477,469,419
 SCOTLAND,228,539,231,237,232,281,315,319,238,253,246,204,251,254,231,270,227,256,249,245,241,227,255,258,218,259,291,295,215,208,275,225
 SEYMOUR,833,803,820,815,835,842,874,881,917,929,964,1024,1064,1179,1206,1236,1026,1014,1030,1092,1189,1294,1011,1064,1025,1015,1105,1143,1209,1253,1294,1109
 SHARON,284,302,296,311,339,308,327,336,353,351,338,358,361,381,381,377,398,378,382,376,355,324,323,337,344,312,283,287,327,344,356,281
 SHELTON,1700,1654,1621,1800,1700,1800,1700,1596,1600,1600,1679,1717,1762,1903,1728,1644,1707,1489,1620,1610,1636,1665,1650,1709,1842,1890,1951,2003,2200,2170,2126,1720
 SHERMAN,322,341,342,375,384,389,354,408,406,435,502,453,484,475,479,479,504,503,499,500,490,408,476,497,505,464,427,409,406,422,419,373
 SIMSBURY,2282,2280,2311,2344,2342,2322,2353,2339,2348,2405,2483,2502,2628,2893,2352,2030,1915,1923,2078,1833,1397,1944,2008,2056,2072,2148,2209,2330,2411,2469,2622,2974
 SOMERS,1212,1110,1147,846,903,962,940,882,922,900,796,909,949,1027,1044,1056,931,942,947,929,900,950,954,954,980,998,1012,1039,1042,1052,1044,926
 SOUTH WINDSOR,2636,2945,2512,2684,2664,2843,2914,3005,2937,2873,2812,2813,2817,2780,2784,2756,2828,2808,2726,2518,2316,2081,2016,2116,2116,2063,2137,2300,2301,2065,2244,2145
 SOUTHBURY,2364,2355,2384,2481,2470,2508,2437,2473,2363,2476,2453,2399,2313,2288,2261,2197,2151,2082,2044,2067,1964,1929,1811,1877,1836,1636,1653,1632,1594,1482,1411,1305
 SOUTHINGTON,2810,2799,2762,2730,2737,2796,2819,2858,2876,2810,2807,2904,2952,2954,3035,3038,3033,3040,2986,3020,2913,2869,2675,2933,2903,2201,2330,2501,2798,3077,3091,2244
 SPRAGUE,291,316,355,352,372,383,403,409,448,365,373,397,427,453,416,422,460,435,446,429,404,433,440,415,437,426,405,278,314,244,341,278
 STAFFORD,2076,2020,2095,2193,2170,2075,1824,1706,1677,1741,1640,1476,1477,1470,1466,1471,1536,1491,1457,1462,1370,1442,1515,1537,1442,1346,1346,1235,1115,1132,1107,871
 STAMFORD,2761,2546,2495,2402,2683,2614,2416,2383,2256,2204,2166,2240,2324,2392,2332,2123,1079,2391,2357,2154,2218,2356,2559,2697,2838,2805,2990,3565,3249,3220,4145,4415
 STERLING,281,324,327,334,362,363,243,414,401,458,472,423,411,484,548,501,547,576,579,588,620,626,630,576,317,441,422,341,310,328,398,272
 STONINGTON,2014,2093,2121,2223,2178,2165,2161,2080,1957,1933,1790,1649,1644,1574,1437,1432,1346,1228,999,917,999,1006,943,1013,1014,979,916,996,1051,1045,1058,914
 STRATFORD,2693,2614,2574,2696,2712,2718,2691,2480,2331,2544,2589,2669,2730,3024,3070,3165,3180,2935,2745,2740,2864,2883,3151,3285,2987,2907,2994,2976,2947,3180,3606,2933
 SUFFIELD,1451,1379,1290,1337,1322,1304,1330,1313,1255,1290,1359,1398,1351,1299,1196,1124,1160,1014,957,1089,1067,1133,1200,1099,1059,1138,1189,1244,1240,1245,1278,1183
 THOMASTON,729,777,828,811,828,778,790,842,886,890,856,901,904,925,897,884,864,865,804,823,790,766,701,730,630,583,570,682,570,608,670,563
 THOMPSON,1431,1475,1535,1612,1635,1598,1580,1581,1425,1362,1294,1271,1225,983,861,768,854,787,770,775,778,856,853,905,908,862,938,1030,966,930,968,844
 TOLLAND,2291,2234,2165,2175,2315,2315,2321,2278,2166,2007,1999,1959,1910,1882,1912,1877,1948,1833,1840,1774,1771,1797,1673,1322,1322,1292,1308,1340,1426,1365,1372,1109
 TORRINGTON,2268,2206,2435,2166,2132,2699,2365,2057,2284,2229,2349,2792,2423,2469,2468,2465,2518,2463,2376,2270,2287,2199,1965,1802,1919,1852,1775,2015,2283,2319,2127,1954
 TRUMBULL,1795,1901,2004,1900,2046,2046,2001,1866,2028,1921,2034,1887,2002,1980,1907,1900,2051,1864,1825,1813,1869,1982,1936,2067,2234,2030,2044,2302,2464,2700,3059,2843
 UNION,102,123,119,116,151,142,153,139,130,136,142,151,148,144,140,144,144,128,139,130,131,130,113,127,131,115,131,158,180,190,161,167
 VERNON,1912,1847,1873,1901,1934,1965,2015,1977,1888,1896,1862,1847,1846,1386,1958,1993,1979,1976,2032,2010,1952,1937,2001,2013,1992,2007,2025,2176,1870,2292,2456,2327
 VOLUNTOWN,291,316,345,366,401,404,428,402,389,356,377,398,412,453,467,445,449,422,395,329,373,382,359,350,327,320,315,322,364,359,370,313
 WALLINGFORD,2174,2197,2140,2144,2201,2351,2350,2464,2442,2569,2570,2628,2538,3166,3123,2885,2957,2991,2948,2701,2679,2917,2693,2723,2935,2646,3027,3025,3208,2915,2649,2157
 WARREN,177,198,199,212,202,187,196,200,208,196,195,183,192,221,224,237,215,213,205,213,219,207,219,204,196,196,195,190,196,205,217,205
 WASHINGTON,328,328,396,366,407,413,430,410,402,429,398,479,434,526,539,565,599,618,581,570,598,568,529,540,554,535,538,606,526,566,579,422
 WATERBURY,1417,1462,1445,1492,1352,1397,1374,1318,1321,1416,1471,1578,1535,1662,1594,1896,1722,1700,2014,1978,1721,1916,2261,2220,2138,2067,2102,2278,2143,2903,2648,1836
 WATERFORD,304,370,403,420,443,400,387,320,347,1510,1539,1588,1609,1652,1677,1787,1752,1751,1696,1787,1719,1735,1810,1844,1892,1860,1922,1942,2034,2008,2250,1689
 WATERTOWN,1910,1933,1967,2097,2148,2173,1912,2015,1951,2060,1994,1647,1667,1936,1660,1724,1700,1732,1677,1672,1696,1692,1765,1677,1660,1671,1673,1866,1906,1944,2029,1686
 WEST HARTFORD,2862,2931,2939,2990,3032,3109,3200,3133,3043,3112,3173,3297,3213,3092,3036,3025,3102,3183,3242,3250,3154,3097,3250,3328,3374,3209,3274,3448,3610,3805,4197,4288
 WEST HAVEN,1500,1390,1448,1400,1500,1400,1065,1224,1259,1381,1235,1200,1276,1300,1370,1376,1465,1174,1800,1653,1474,1655,2594,2594,1443,1311,1113,1133,1259,1415,1675,1161
 WESTBROOK,403,406,414,370,369,431,428,446,514,530,550,540,545,569,567,594,618,604,578,489,482,475,409,412,415,409,424,456,510,598,628,505
 WESTON,1369,1476,1140,1140,1321,1207,1304,1295,1279,1128,1217,1139,1324,1086,1009,1168,1106,1067,1069,1170,1161,1206,1180,1166,1071,949,894,918,967,994,1003,1006
 WESTPORT,2828,2776,2735,2762,2737,2660,2576,2432,2168,2163,2023,2123,2177,2145,2037,1961,1957,1998,1880,1909,1964,2000,2066,2100,2122,2064,2146,2400,2338,2400,2703,2665
 WETHERSFIELD,1841,1791,1842,1818,1830,1844,1825,1790,1750,1692,1539,1562,1553,1588,1654,1751,1759,1785,1784,1695,1620,1597,1697,1814,1825,1846,1887,1953,2033,2100,2330,2178
 WILLINGTON,604,626,643,675,659,681,693,677,698,707,707,724,709,750,743,717,666,689,676,738,737,774,817,888,835,732,726,724,697,801,861,770
 WILTON,1244,1289,1303,1345,1383,1369,1365,1417,1455,1522,1566,1561,1607,1668,1744,1761,1680,1581,1529,1558,1469,1341,1328,1399,1461,1428,1470,1521,1624,1751,1978,1996
 WINCHESTER,1259,1270,1306,1323,1365,1359,1354,1241,1141,1058,978,819,836,933,945,917,1041,1058,1151,1136,1104,1179,1233,1124,1122,1145,1146,1142,1205,1177,1195,958
 WINDHAM,1043,1208,1017,1097,1136,1072,1043,1066,1157,1228,1281,1350,1366,1350,1361,1346,1274,1298,1256,1283,1306,1326,1318,1367,1387,1386,1370,1473,1572,1572,1842,1461
 WINDSOR,2696,2764,2734,2705,2831,2791,2789,2815,2624,2488,2099,1923,1977,1936,1948,1955,2096,1736,2170,2143,2132,2174,2252,2288,2219,2240,2336,2467,2596,2633,2789,2657
 WINDSOR LOCKS,1384,1454,1484,1448,1376,1419,1406,1445,1184,1184,1273,1136,1158,1204,1172,1125,1125,1090,1130,1079,1053,1063,1066,1040,1047,1066,1072,1085,1086,1000,1127,1052
 WOLCOTT,1768,1717,1617,1612,1628,1655,1668,1651,1698,1709,1671,1674,1690,1703,1630,1733,1733,1683,1608,1456,1465,1512,1490,1519,1578,1538,1643,1612,1617,1577,1504,1554
 WOODBRIDGE,611,631,646,687,668,665,665,698,673,685,691,662,663,546,628,585,631,640,702,755,734,774,773,656,769,797,730,857,904,883,964,648
 WOODBURY,1180,1204,1147,1237,1133,1316,1310,1281,1402,1367,1361,1301,1123,1154,1204,1283,1275,1288,1327,1221,1081,1161,1103,926,913,843,722,696,695,454,728,682
 WOODSTOCK,676,741,756,769,746,740,753,653,676,641,736,715,679,712,839,868,929,877,909,828,851,849,848,855,817,866,894,918,976,875,841,885
 GRAND TOTALS :,207837,209929,208428,208821,213145,214114,213650,213802,210757,208721,211150,211862,212292,214532,214598,215039,214752,212405,211322,207583,205516,209465,211988,215760,213483,205544,207926,217057,222674,231578,246786,218192
,,,,,,,,,,,,,,,,,,,,,,,,,,,,,,,,
